Datetime (UTC),Country,Zone Name,Zone Id,Carbon Intensity gCO¸Z£Æq/kWh (direct),Carbon Intensity gCO¸Z£Æq/kWh (LCA),Low Carbon Percentage,Renewable Percentage,Data Source
2024/1/1 0:00,Brazil,Brazil,BR,61.54,97.4,89.3,86.12,
2024/1/2 0:00,Brazil,Brazil,BR,54,88.38,90.61,87.86,
2024/1/3 0:00,Brazil,Brazil,BR,51.12,84.7,91.11,88.5,
2024/1/4 0:00,Brazil,Brazil,BR,50.64,84.19,91.19,88.6,
2024/1/5 0:00,Brazil,Brazil,BR,47.04,79.94,91.82,89.21,
2024/1/6 0:00,Brazil,Brazil,BR,34.52,65.16,94,91.27,
2024/1/7 0:00,Brazil,Brazil,BR,38.48,70.12,93.31,90.4,
2024/1/8 0:00,Brazil,Brazil,BR,46.49,79.56,91.92,89.39,
2024/1/9 0:00,Brazil,Brazil,BR,56.4,90.95,90.19,87.78,
2024/1/10 0:00,Brazil,Brazil,BR,58.16,92.54,89.89,87.48,
2024/1/11 0:00,Brazil,Brazil,BR,58.04,92.44,89.91,87.5,
2024/1/12 0:00,Brazil,Brazil,BR,52.98,86.75,90.79,88.27,
2024/1/13 0:00,Brazil,Brazil,BR,44.69,76.96,92.23,89.75,
2024/1/14 0:00,Brazil,Brazil,BR,39.72,71.21,93.09,90.6,
2024/1/15 0:00,Brazil,Brazil,BR,32.91,62.85,94.28,91.86,
2024/1/16 0:00,Brazil,Brazil,BR,30.77,60.18,94.65,92.57,
2024/1/17 0:00,Brazil,Brazil,BR,36.58,67.09,93.64,91.99,
2024/1/18 0:00,Brazil,Brazil,BR,46.62,79.28,91.89,89.73,
2024/1/19 0:00,Brazil,Brazil,BR,47.6,80.57,91.72,89.39,
2024/1/20 0:00,Brazil,Brazil,BR,45.96,78.85,92.01,89.56,
2024/1/21 0:00,Brazil,Brazil,BR,46.16,79.25,91.97,89.25,
2024/1/22 0:00,Brazil,Brazil,BR,43.75,76.21,92.39,89.94,
2024/1/23 0:00,Brazil,Brazil,BR,47.79,80.44,91.69,89.08,
2024/1/24 0:00,Brazil,Brazil,BR,47.51,80.29,91.74,89.08,
2024/1/25 0:00,Brazil,Brazil,BR,36.61,67.76,93.63,91.16,
2024/1/26 0:00,Brazil,Brazil,BR,32.07,62.28,94.42,91.89,
2024/1/27 0:00,Brazil,Brazil,BR,35.74,66.34,93.79,91.09,
2024/1/28 0:00,Brazil,Brazil,BR,37.09,68.06,93.55,90.63,
2024/1/29 0:00,Brazil,Brazil,BR,37.32,68.4,93.51,90.99,
2024/1/30 0:00,Brazil,Brazil,BR,37.98,69.44,93.39,91.03,
2024/1/31 0:00,Brazil,Brazil,BR,36.89,67.98,93.59,91.27,
2024/2/1 0:00,Brazil,Brazil,BR,39.28,70.08,93.17,90.8,
2024/2/2 0:00,Brazil,Brazil,BR,39.88,70.59,93.06,90.69,
2024/2/3 0:00,Brazil,Brazil,BR,41.58,72.36,92.77,90.28,
2024/2/4 0:00,Brazil,Brazil,BR,44.82,75.64,92.2,89.49,
2024/2/5 0:00,Brazil,Brazil,BR,37.37,67.36,93.5,91.13,
2024/2/6 0:00,Brazil,Brazil,BR,36.98,67.48,93.57,91.31,
2024/2/7 0:00,Brazil,Brazil,BR,37.29,67.81,93.51,91.3,
2024/2/8 0:00,Brazil,Brazil,BR,37.66,68.27,93.45,91.24,
2024/2/9 0:00,Brazil,Brazil,BR,37.18,67.73,93.53,91.32,
2024/2/10 0:00,Brazil,Brazil,BR,33.19,62.89,94.23,91.8,
2024/2/11 0:00,Brazil,Brazil,BR,33.18,62.65,94.23,91.56,
2024/2/12 0:00,Brazil,Brazil,BR,30.52,59.53,94.69,92.23,
2024/2/13 0:00,Brazil,Brazil,BR,33.11,62.87,94.24,91.81,
2024/2/14 0:00,Brazil,Brazil,BR,31.32,61.5,94.55,92.19,
2024/2/15 0:00,Brazil,Brazil,BR,35.34,66.21,93.85,91.35,
2024/2/16 0:00,Brazil,Brazil,BR,36.45,67.37,93.66,91.1,
2024/2/17 0:00,Brazil,Brazil,BR,33.45,64.28,94.18,91.6,
2024/2/18 0:00,Brazil,Brazil,BR,33.77,64.3,94.12,91.35,
2024/2/19 0:00,Brazil,Brazil,BR,27.14,56.56,95.28,92.85,
2024/2/20 0:00,Brazil,Brazil,BR,26.03,55.48,95.47,93.07,
2024/2/21 0:00,Brazil,Brazil,BR,29.8,59.87,94.82,92.39,
2024/2/22 0:00,Brazil,Brazil,BR,32.93,63.72,94.27,91.87,
2024/2/23 0:00,Brazil,Brazil,BR,31.21,61.56,94.57,92.24,
2024/2/24 0:00,Brazil,Brazil,BR,32.46,62.48,94.35,91.92,
2024/2/25 0:00,Brazil,Brazil,BR,35.1,65.06,93.9,91.29,
2024/2/26 0:00,Brazil,Brazil,BR,30.99,60.4,94.61,92.26,
2024/2/27 0:00,Brazil,Brazil,BR,29.18,58.68,94.93,92.65,
2024/2/28 0:00,Brazil,Brazil,BR,28.57,58.56,95.03,92.8,
2024/2/29 0:00,Brazil,Brazil,BR,29.02,59.5,94.95,92.81,
2024/3/1 0:00,Brazil,Brazil,BR,28.32,58.75,95.08,92.87,
2024/3/2 0:00,Brazil,Brazil,BR,32.81,64.18,94.29,91.86,
2024/3/3 0:00,Brazil,Brazil,BR,34.5,65.89,94,91.34,
2024/3/4 0:00,Brazil,Brazil,BR,33.38,64.23,94.19,91.79,
2024/3/5 0:00,Brazil,Brazil,BR,33.11,63.92,94.24,91.85,
2024/3/6 0:00,Brazil,Brazil,BR,29.76,59.33,94.82,92.48,
2024/3/7 0:00,Brazil,Brazil,BR,30.35,59.7,94.72,92.39,
2024/3/8 0:00,Brazil,Brazil,BR,30.86,60.02,94.63,92.32,
2024/3/9 0:00,Brazil,Brazil,BR,32.51,62.89,94.35,91.95,
2024/3/10 0:00,Brazil,Brazil,BR,33.3,64.02,94.21,91.53,
2024/3/11 0:00,Brazil,Brazil,BR,29.99,60.52,94.78,92.44,
2024/3/12 0:00,Brazil,Brazil,BR,28.51,58.59,95.04,92.76,
2024/3/13 0:00,Brazil,Brazil,BR,27.18,56.91,95.27,94.15,
2024/3/14 0:00,Brazil,Brazil,BR,26.21,55.69,95.44,94.17,
2024/3/15 0:00,Brazil,Brazil,BR,25.81,54.59,95.51,93.33,
2024/3/16 0:00,Brazil,Brazil,BR,26.53,55.76,95.39,93.05,
2024/3/17 0:00,Brazil,Brazil,BR,28.33,57.91,95.07,92.53,
2024/3/18 0:00,Brazil,Brazil,BR,29.8,59.84,94.82,92.57,
2024/3/19 0:00,Brazil,Brazil,BR,36.77,67.87,93.61,91.58,
2024/3/20 0:00,Brazil,Brazil,BR,37.62,68.96,93.46,91.26,
2024/3/21 0:00,Brazil,Brazil,BR,35.55,66.38,93.82,91.58,
2024/3/22 0:00,Brazil,Brazil,BR,27,56.22,95.31,92.97,
2024/3/23 0:00,Brazil,Brazil,BR,31.12,60.64,94.59,91.94,
2024/3/24 0:00,Brazil,Brazil,BR,39.36,69.53,93.15,90.2,
2024/3/25 0:00,Brazil,Brazil,BR,33.54,63.49,94.17,91.63,
2024/3/26 0:00,Brazil,Brazil,BR,31.13,61.45,94.59,92.49,
2024/3/27 0:00,Brazil,Brazil,BR,30.43,60.01,94.71,93.04,
2024/3/28 0:00,Brazil,Brazil,BR,29.59,58.37,94.85,92.85,
2024/3/29 0:00,Brazil,Brazil,BR,35.37,64.94,93.85,91.09,
2024/3/30 0:00,Brazil,Brazil,BR,34.39,65.08,94.02,91.27,
2024/3/31 0:00,Brazil,Brazil,BR,35.84,67.6,93.77,90.9,
2024/4/1 0:00,Brazil,Brazil,BR,30.72,61.26,94.66,92.2,
2024/4/2 0:00,Brazil,Brazil,BR,31.87,62.53,94.46,92.1,
2024/4/3 0:00,Brazil,Brazil,BR,28.46,58.76,95.05,92.67,
2024/4/4 0:00,Brazil,Brazil,BR,32.88,63.8,94.28,92.01,
2024/4/5 0:00,Brazil,Brazil,BR,34.96,65.98,93.92,91.48,
2024/4/6 0:00,Brazil,Brazil,BR,33,63.54,94.26,91.66,
2024/4/7 0:00,Brazil,Brazil,BR,35.44,66.04,93.84,90.99,
2024/4/8 0:00,Brazil,Brazil,BR,28.95,58.2,94.97,92.49,
2024/4/9 0:00,Brazil,Brazil,BR,29.17,58.96,94.93,92.51,
2024/4/10 0:00,Brazil,Brazil,BR,33.97,64.74,94.09,91.6,
2024/4/11 0:00,Brazil,Brazil,BR,35.91,67.09,93.75,91.26,
2024/4/12 0:00,Brazil,Brazil,BR,35.15,65.57,93.89,91.36,
2024/4/13 0:00,Brazil,Brazil,BR,34.1,64.01,94.07,91.46,
2024/4/14 0:00,Brazil,Brazil,BR,35.04,65,93.91,91.04,
2024/4/15 0:00,Brazil,Brazil,BR,29.04,57.95,94.95,92.43,
2024/4/16 0:00,Brazil,Brazil,BR,29.06,57.81,94.94,92.54,
2024/4/17 0:00,Brazil,Brazil,BR,29.34,58.45,94.9,92.46,
2024/4/18 0:00,Brazil,Brazil,BR,31.46,61.27,94.53,92.11,
2024/4/19 0:00,Brazil,Brazil,BR,38.15,69.31,93.36,90.81,
2024/4/20 0:00,Brazil,Brazil,BR,42.34,73.63,92.64,90.03,
2024/4/21 0:00,Brazil,Brazil,BR,46.5,78.58,91.91,88.85,
2024/4/22 0:00,Brazil,Brazil,BR,39.72,71,93.09,90.47,
2024/4/23 0:00,Brazil,Brazil,BR,39.09,70.47,93.2,90.71,
2024/4/24 0:00,Brazil,Brazil,BR,36.2,66.81,93.7,91.27,
2024/4/25 0:00,Brazil,Brazil,BR,37.25,68.05,93.52,91.08,
2024/4/26 0:00,Brazil,Brazil,BR,35.48,65.49,93.83,91.38,
2024/4/27 0:00,Brazil,Brazil,BR,38.59,69.02,93.29,90.72,
2024/4/28 0:00,Brazil,Brazil,BR,41.92,73.33,92.71,89.94,
2024/4/29 0:00,Brazil,Brazil,BR,37.39,68.09,93.5,91.06,
2024/4/30 0:00,Brazil,Brazil,BR,36.43,66.92,93.66,91.3,
2024/5/1 0:00,Brazil,Brazil,BR,44,75.77,92.35,89.73,
2024/5/2 0:00,Brazil,Brazil,BR,40.24,71.44,93,90.61,
2024/5/3 0:00,Brazil,Brazil,BR,40.39,71.22,92.98,90.58,
2024/5/4 0:00,Brazil,Brazil,BR,45.08,76.31,92.16,89.64,
2024/5/5 0:00,Brazil,Brazil,BR,46.6,77.8,91.89,89.06,
2024/5/6 0:00,Brazil,Brazil,BR,42.56,73.43,92.6,90.12,
2024/5/7 0:00,Brazil,Brazil,BR,40.41,71.15,92.97,90.57,
2024/5/8 0:00,Brazil,Brazil,BR,41.37,72.34,92.81,90.43,
2024/5/9 0:00,Brazil,Brazil,BR,40.89,71.71,92.89,90.5,
2024/5/10 0:00,Brazil,Brazil,BR,41.57,72.71,92.77,90.36,
2024/5/11 0:00,Brazil,Brazil,BR,47.1,79.58,91.81,89.36,
2024/5/12 0:00,Brazil,Brazil,BR,51.72,84.78,91,88.13,
2024/5/13 0:00,Brazil,Brazil,BR,45.09,77.36,92.16,89.89,
2024/5/14 0:00,Brazil,Brazil,BR,44.1,76.26,92.33,90.67,
2024/5/15 0:00,Brazil,Brazil,BR,45.27,76.82,92.12,90.42,
2024/5/16 0:00,Brazil,Brazil,BR,45.55,76.95,92.07,90.37,
2024/5/17 0:00,Brazil,Brazil,BR,46.09,77.71,91.98,90.3,
2024/5/18 0:00,Brazil,Brazil,BR,47.31,80,91.77,89.99,
2024/5/19 0:00,Brazil,Brazil,BR,50.7,83.42,91.18,89.2,
2024/5/20 0:00,Brazil,Brazil,BR,46.49,78.62,91.91,90.15,
2024/5/21 0:00,Brazil,Brazil,BR,46.34,77.99,91.94,90.21,
2024/5/22 0:00,Brazil,Brazil,BR,45.38,76.74,92.11,90.4,
2024/5/23 0:00,Brazil,Brazil,BR,44.81,76.15,92.21,90.52,
2024/5/24 0:00,Brazil,Brazil,BR,46.17,77.69,91.97,90.27,
2024/5/25 0:00,Brazil,Brazil,BR,49.62,81.73,91.37,89.52,
2024/5/26 0:00,Brazil,Brazil,BR,55.11,87.68,90.42,88.36,
2024/5/27 0:00,Brazil,Brazil,BR,47.87,79.44,91.68,89.79,
2024/5/28 0:00,Brazil,Brazil,BR,46.17,77.76,91.97,89.57,
2024/5/29 0:00,Brazil,Brazil,BR,49.32,81.92,91.42,88.75,
2024/5/30 0:00,Brazil,Brazil,BR,54.85,88.65,90.46,87.56,
2024/5/31 0:00,Brazil,Brazil,BR,57.45,90.83,90.01,87.17,
2024/6/1 0:00,Brazil,Brazil,BR,60.9,94.22,89.41,86.43,
2024/6/2 0:00,Brazil,Brazil,BR,65.55,99.99,88.6,85.41,
2024/6/3 0:00,Brazil,Brazil,BR,55.22,88.09,90.4,87.65,
2024/6/4 0:00,Brazil,Brazil,BR,52.34,85.13,90.9,88.27,
2024/6/5 0:00,Brazil,Brazil,BR,52.74,85.32,90.83,88.2,
2024/6/6 0:00,Brazil,Brazil,BR,52.2,84.44,90.92,88.3,
2024/6/7 0:00,Brazil,Brazil,BR,52.69,85.34,90.84,88.23,
2024/6/8 0:00,Brazil,Brazil,BR,53.12,85.75,90.76,88.02,
2024/6/9 0:00,Brazil,Brazil,BR,57.41,90.35,90.02,86.96,
2024/6/10 0:00,Brazil,Brazil,BR,51.53,83.71,91.04,88.38,
2024/6/11 0:00,Brazil,Brazil,BR,50.95,83.22,91.14,88.56,
2024/6/12 0:00,Brazil,Brazil,BR,50.71,82.78,91.18,88.61,
2024/6/13 0:00,Brazil,Brazil,BR,53.41,85.84,90.71,88.11,
2024/6/14 0:00,Brazil,Brazil,BR,53.59,85.93,90.68,88.09,
2024/6/15 0:00,Brazil,Brazil,BR,54.42,87.05,90.53,87.79,
2024/6/16 0:00,Brazil,Brazil,BR,60.45,94.08,89.49,86.53,
2024/6/17 0:00,Brazil,Brazil,BR,50.65,83,91.19,88.52,
2024/6/18 0:00,Brazil,Brazil,BR,46.89,78.37,91.85,89.24,
2024/6/19 0:00,Brazil,Brazil,BR,47.09,78.59,91.81,89.22,
2024/6/20 0:00,Brazil,Brazil,BR,47.01,78.12,91.83,89.24,
2024/6/21 0:00,Brazil,Brazil,BR,47.26,78.59,91.78,89.17,
2024/6/22 0:00,Brazil,Brazil,BR,51.55,83.73,91.04,88.27,
2024/6/23 0:00,Brazil,Brazil,BR,56.6,89.65,90.16,87.14,
2024/6/24 0:00,Brazil,Brazil,BR,52.33,84.94,90.9,88.22,
2024/6/25 0:00,Brazil,Brazil,BR,54.1,87.16,90.59,88.02,
2024/6/26 0:00,Brazil,Brazil,BR,57.22,90.61,90.05,87.49,
2024/6/27 0:00,Brazil,Brazil,BR,57.66,91.77,89.97,87.4,
2024/6/28 0:00,Brazil,Brazil,BR,58.08,92.04,89.9,87.32,
2024/6/29 0:00,Brazil,Brazil,BR,57.6,91.34,89.98,87.22,
2024/6/30 0:00,Brazil,Brazil,BR,63.2,97.7,89.01,85.92,
2024/7/1 0:00,Brazil,Brazil,BR,60.26,94.01,89.52,86.78,
2024/7/2 0:00,Brazil,Brazil,BR,62.12,95.78,89.2,86.53,
2024/7/3 0:00,Brazil,Brazil,BR,63.33,97.35,88.98,86.37,
2024/7/4 0:00,Brazil,Brazil,BR,67.76,102.86,88.22,85.63,
2024/7/5 0:00,Brazil,Brazil,BR,69,104.77,88,85.42,
2024/7/6 0:00,Brazil,Brazil,BR,64.45,99.73,88.79,86.02,
2024/7/7 0:00,Brazil,Brazil,BR,64.33,98.64,88.81,85.78,
2024/7/8 0:00,Brazil,Brazil,BR,65.04,99.79,88.69,85.98,
2024/7/9 0:00,Brazil,Brazil,BR,68.29,103.8,88.12,85.48,
2024/7/10 0:00,Brazil,Brazil,BR,66.07,100.9,88.51,85.93,
2024/7/11 0:00,Brazil,Brazil,BR,63.72,97.84,88.92,86.36,
2024/7/12 0:00,Brazil,Brazil,BR,64.88,98.97,88.72,86.15,
2024/7/13 0:00,Brazil,Brazil,BR,61.17,94.57,89.36,86.61,
2024/7/14 0:00,Brazil,Brazil,BR,62.7,96.3,89.09,85.99,
2024/7/15 0:00,Brazil,Brazil,BR,60.29,93.85,89.51,86.74,
2024/7/16 0:00,Brazil,Brazil,BR,65.8,100.21,88.55,85.87,
2024/7/17 0:00,Brazil,Brazil,BR,66.02,100.68,88.52,85.86,
2024/7/18 0:00,Brazil,Brazil,BR,67.74,103.19,88.22,85.57,
2024/7/19 0:00,Brazil,Brazil,BR,66.19,100.96,88.49,85.84,
2024/7/20 0:00,Brazil,Brazil,BR,63.29,97.65,88.99,86.15,
2024/7/21 0:00,Brazil,Brazil,BR,65.16,99.88,88.67,85.51,
2024/7/22 0:00,Brazil,Brazil,BR,60.43,94.15,89.49,86.74,
2024/7/23 0:00,Brazil,Brazil,BR,65.18,99.48,88.66,86.02,
2024/7/24 0:00,Brazil,Brazil,BR,66.38,100.9,88.46,85.81,
2024/7/25 0:00,Brazil,Brazil,BR,68.45,103.82,88.1,85.45,
2024/7/26 0:00,Brazil,Brazil,BR,69.59,104.83,87.9,85.27,
2024/7/27 0:00,Brazil,Brazil,BR,62.79,96.84,89.08,86.32,
2024/7/28 0:00,Brazil,Brazil,BR,63.32,97.47,88.99,85.97,
2024/7/29 0:00,Brazil,Brazil,BR,64.57,99.1,88.77,86.14,
2024/7/30 0:00,Brazil,Brazil,BR,69.53,105.07,87.91,85.33,
2024/7/31 0:00,Brazil,Brazil,BR,70.97,106.22,87.66,85.07,
2024/8/1 0:00,Brazil,Brazil,BR,68.83,103.63,88.03,85.44,
2024/8/2 0:00,Brazil,Brazil,BR,66.21,100.52,88.49,85.89,
2024/8/3 0:00,Brazil,Brazil,BR,62.02,95.91,89.21,86.44,
2024/8/4 0:00,Brazil,Brazil,BR,64.73,98.92,88.74,85.73,
2024/8/5 0:00,Brazil,Brazil,BR,64.3,98.47,88.82,86.18,
2024/8/6 0:00,Brazil,Brazil,BR,71.22,106.62,87.61,85.09,
2024/8/7 0:00,Brazil,Brazil,BR,77.39,113.94,86.54,84.03,
2024/8/8 0:00,Brazil,Brazil,BR,79.9,116.98,86.1,83.62,
2024/8/9 0:00,Brazil,Brazil,BR,77.65,114.47,86.5,83.98,
2024/8/10 0:00,Brazil,Brazil,BR,81.23,119.4,85.87,83.09,
2024/8/11 0:00,Brazil,Brazil,BR,87.95,127.5,84.7,81.54,
2024/8/12 0:00,Brazil,Brazil,BR,82.07,120.18,85.73,82.98,
2024/8/13 0:00,Brazil,Brazil,BR,71.89,108.53,87.5,84.84,
2024/8/14 0:00,Brazil,Brazil,BR,70.62,105.97,87.72,85.09,
2024/8/15 0:00,Brazil,Brazil,BR,70.84,106.45,87.68,85.07,
2024/8/16 0:00,Brazil,Brazil,BR,68.79,104,88.04,85.46,
2024/8/17 0:00,Brazil,Brazil,BR,62.51,96.97,89.13,86.42,
2024/8/18 0:00,Brazil,Brazil,BR,59.03,93.14,89.73,86.77,
2024/8/19 0:00,Brazil,Brazil,BR,66.82,102.11,88.38,85.8,
2024/8/20 0:00,Brazil,Brazil,BR,76.84,113.83,86.64,84.17,
2024/8/21 0:00,Brazil,Brazil,BR,73.94,110.16,87.14,84.67,
2024/8/22 0:00,Brazil,Brazil,BR,74.75,110.8,87,84.56,
2024/8/23 0:00,Brazil,Brazil,BR,76.27,112.67,86.74,84.31,
2024/8/24 0:00,Brazil,Brazil,BR,82.7,120.54,85.62,82.99,
2024/8/25 0:00,Brazil,Brazil,BR,82.36,120.12,85.68,82.81,
2024/8/26 0:00,Brazil,Brazil,BR,81.61,119.46,85.81,83.14,
2024/8/27 0:00,Brazil,Brazil,BR,75.93,112.45,86.8,84.15,
2024/8/28 0:00,Brazil,Brazil,BR,72.14,107.76,87.45,84.84,
2024/8/29 0:00,Brazil,Brazil,BR,70.48,105.66,87.74,85.14,
2024/8/30 0:00,Brazil,Brazil,BR,69.3,104.71,87.95,85.37,
2024/8/31 0:00,Brazil,Brazil,BR,71.37,107.29,87.59,84.85,
2024/9/1 0:00,Brazil,Brazil,BR,77.06,113.65,86.6,83.62,
2024/9/2 0:00,Brazil,Brazil,BR,78.08,115.19,86.42,83.81,
2024/9/3 0:00,Brazil,Brazil,BR,78,115.57,86.43,83.94,
2024/9/4 0:00,Brazil,Brazil,BR,78.24,115.27,86.39,83.97,
2024/9/5 0:00,Brazil,Brazil,BR,86,124.45,85.04,82.6,
2024/9/6 0:00,Brazil,Brazil,BR,88.26,127.51,84.65,82.15,
2024/9/7 0:00,Brazil,Brazil,BR,89.79,128.73,84.38,81.65,
2024/9/8 0:00,Brazil,Brazil,BR,82.49,120.11,85.65,82.8,
2024/9/9 0:00,Brazil,Brazil,BR,77.15,113.95,86.58,84.14,
2024/9/10 0:00,Brazil,Brazil,BR,82.48,120.45,85.66,83.28,
2024/9/11 0:00,Brazil,Brazil,BR,92.64,132.42,83.89,81.53,
2024/9/12 0:00,Brazil,Brazil,BR,93.32,133.07,83.77,81.43,
2024/9/13 0:00,Brazil,Brazil,BR,91.4,130.79,84.1,81.76,
2024/9/14 0:00,Brazil,Brazil,BR,92.53,132.03,83.91,81.37,
2024/9/15 0:00,Brazil,Brazil,BR,98.67,139.23,82.84,80.09,
2024/9/16 0:00,Brazil,Brazil,BR,90.13,129.46,84.32,81.78,
2024/9/17 0:00,Brazil,Brazil,BR,89.6,128.85,84.42,81.9,
2024/9/18 0:00,Brazil,Brazil,BR,87.53,125.96,84.78,82.29,
2024/9/19 0:00,Brazil,Brazil,BR,91.86,131.45,84.02,81.58,
2024/9/20 0:00,Brazil,Brazil,BR,95.05,135.17,83.47,81.07,
2024/9/21 0:00,Brazil,Brazil,BR,95.93,136.3,83.32,80.73,
2024/9/22 0:00,Brazil,Brazil,BR,98.92,139.27,82.8,80.01,
2024/9/23 0:00,Brazil,Brazil,BR,94.39,134.52,83.58,81.2,
2024/9/24 0:00,Brazil,Brazil,BR,94.64,134.97,83.54,81.24,
2024/9/25 0:00,Brazil,Brazil,BR,92.86,132.65,83.85,81.58,
2024/9/26 0:00,Brazil,Brazil,BR,92.58,132.4,83.9,81.64,
2024/9/27 0:00,Brazil,Brazil,BR,96.28,137.01,83.26,80.92,
2024/9/28 0:00,Brazil,Brazil,BR,98.4,139.75,82.89,80.31,
2024/9/29 0:00,Brazil,Brazil,BR,106.17,148.16,81.54,78.7,
2024/9/30 0:00,Brazil,Brazil,BR,95.19,135.21,83.45,81.01,
2024/10/1 0:00,Brazil,Brazil,BR,97.76,138.84,83,80.7,
2024/10/2 0:00,Brazil,Brazil,BR,101.93,143.98,82.27,80.25,
2024/10/3 0:00,Brazil,Brazil,BR,105.77,148.51,81.6,79.47,
2024/10/4 0:00,Brazil,Brazil,BR,107.05,150.09,81.38,78.99,
2024/10/5 0:00,Brazil,Brazil,BR,105.64,148.21,81.63,79.03,
2024/10/6 0:00,Brazil,Brazil,BR,107.76,150.53,81.26,78.41,
2024/10/7 0:00,Brazil,Brazil,BR,99.64,141.51,82.67,80.2,
2024/10/8 0:00,Brazil,Brazil,BR,101.92,144.34,82.28,79.93,
2024/10/9 0:00,Brazil,Brazil,BR,105.14,148.35,81.71,79.39,
2024/10/10 0:00,Brazil,Brazil,BR,103.69,145.84,81.97,79.58,
2024/10/11 0:00,Brazil,Brazil,BR,98.33,139.08,82.9,80.47,
2024/10/12 0:00,Brazil,Brazil,BR,107.37,149.98,81.33,78.54,
2024/10/13 0:00,Brazil,Brazil,BR,114.54,158.46,80.08,77.13,
2024/10/14 0:00,Brazil,Brazil,BR,100.21,141.4,82.57,80.04,
2024/10/15 0:00,Brazil,Brazil,BR,91.68,131.51,84.05,81.61,
2024/10/16 0:00,Brazil,Brazil,BR,96.66,137.83,83.19,80.75,
2024/10/17 0:00,Brazil,Brazil,BR,102.72,145.81,82.14,79.73,
2024/10/18 0:00,Brazil,Brazil,BR,102.73,145.92,82.13,79.73,
2024/10/19 0:00,Brazil,Brazil,BR,106.82,150.15,81.42,78.78,
2024/10/20 0:00,Brazil,Brazil,BR,111.95,155,80.53,77.56,
2024/10/21 0:00,Brazil,Brazil,BR,98.86,139.35,82.81,80.23,
2024/10/22 0:00,Brazil,Brazil,BR,90.1,129.34,84.33,81.92,
2024/10/23 0:00,Brazil,Brazil,BR,87.07,126.12,84.86,82.53,
2024/10/24 0:00,Brazil,Brazil,BR,88.44,127.83,84.62,82.26,
2024/10/25 0:00,Brazil,Brazil,BR,89.96,129.95,84.36,81.99,
2024/10/26 0:00,Brazil,Brazil,BR,82.16,120.44,85.71,83.19,
2024/10/27 0:00,Brazil,Brazil,BR,77,114.62,86.61,83.71,
2024/10/28 0:00,Brazil,Brazil,BR,76.03,112.8,86.78,84.19,
2024/10/29 0:00,Brazil,Brazil,BR,79.49,117.01,86.17,83.72,
2024/10/30 0:00,Brazil,Brazil,BR,81.27,119.36,85.87,83.44,
2024/10/31 0:00,Brazil,Brazil,BR,82.19,120.47,85.71,83.27,
2024/11/1 0:00,Brazil,Brazil,BR,77.7,115.18,86.49,84.05,
2024/11/2 0:00,Brazil,Brazil,BR,85.68,123.94,85.1,82.56,
2024/11/3 0:00,Brazil,Brazil,BR,82.09,119.46,85.72,82.89,
2024/11/4 0:00,Brazil,Brazil,BR,62.96,97.07,89.05,86.59,
2024/11/5 0:00,Brazil,Brazil,BR,58.69,92.18,89.79,87.41,
2024/11/6 0:00,Brazil,Brazil,BR,63.57,98.14,88.94,86.59,
2024/11/7 0:00,Brazil,Brazil,BR,63.24,97.52,89,86.68,
2024/11/8 0:00,Brazil,Brazil,BR,71.85,108.3,87.5,86.56,
2024/11/9 0:00,Brazil,Brazil,BR,85.07,124.3,85.21,84.35,
2024/11/10 0:00,Brazil,Brazil,BR,95.5,136.84,83.39,82.44,
2024/11/11 0:00,Brazil,Brazil,BR,82.68,122.59,85.62,84.79,
2024/11/12 0:00,Brazil,Brazil,BR,86.88,127.88,84.89,84.09,
2024/11/13 0:00,Brazil,Brazil,BR,84.97,124.48,85.22,84.42,
2024/11/14 0:00,Brazil,Brazil,BR,72.58,109.43,87.38,86.56,
2024/11/15 0:00,Brazil,Brazil,BR,66.65,101.79,88.41,87.54,
2024/11/16 0:00,Brazil,Brazil,BR,61.38,95.45,89.32,88.45,
2024/11/17 0:00,Brazil,Brazil,BR,58.72,92.85,89.79,88.86,
2024/11/18 0:00,Brazil,Brazil,BR,53.83,87.35,90.64,89.85,
2024/11/19 0:00,Brazil,Brazil,BR,49.33,82.48,91.42,90.65,
2024/11/20 0:00,Brazil,Brazil,BR,49.55,82.79,91.38,90.57,
2024/11/21 0:00,Brazil,Brazil,BR,47.46,80.52,91.75,90.97,
2024/11/22 0:00,Brazil,Brazil,BR,51.55,85.64,91.04,90.24,
2024/11/23 0:00,Brazil,Brazil,BR,57.1,92.65,90.07,89.22,
2024/11/24 0:00,Brazil,Brazil,BR,59.78,95.78,89.6,88.67,
2024/11/25 0:00,Brazil,Brazil,BR,55.15,89.66,90.41,89.6,
2024/11/26 0:00,Brazil,Brazil,BR,59.5,94.65,89.65,88.89,
2024/11/27 0:00,Brazil,Brazil,BR,61.12,96.32,89.37,88.64,
2024/11/28 0:00,Brazil,Brazil,BR,62.76,98.01,89.09,88.37,
2024/11/29 0:00,Brazil,Brazil,BR,62.99,98.69,89.05,88.32,
2024/11/30 0:00,Brazil,Brazil,BR,85.48,125.19,85.13,84.35,
2024/12/1 0:00,Brazil,Brazil,BR,92.82,134.04,83.86,83,
2024/12/2 0:00,Brazil,Brazil,BR,83.96,123.81,85.4,84.64,
2024/12/3 0:00,Brazil,Brazil,BR,81.47,120.65,85.83,85.08,
2024/12/4 0:00,Brazil,Brazil,BR,80.46,119.39,86.01,85.23,
2024/12/5 0:00,Brazil,Brazil,BR,74.22,112.26,87.09,86.32,
2024/12/6 0:00,Brazil,Brazil,BR,59.83,94.7,89.6,88.85,
2024/12/7 0:00,Brazil,Brazil,BR,53.68,87.44,90.66,89.87,
2024/12/8 0:00,Brazil,Brazil,BR,59.15,94.25,89.71,88.84,
2024/12/9 0:00,Brazil,Brazil,BR,53.11,87.02,90.76,90,
2024/12/10 0:00,Brazil,Brazil,BR,49.66,82.85,91.36,90.62,
2024/12/11 0:00,Brazil,Brazil,BR,48.44,81.87,91.58,90.81,
2024/12/12 0:00,Brazil,Brazil,BR,46.06,78.89,91.99,91.22,
2024/12/13 0:00,Brazil,Brazil,BR,45.83,77.61,92.03,91.27,
2024/12/14 0:00,Brazil,Brazil,BR,49.13,81.75,91.46,90.63,
2024/12/15 0:00,Brazil,Brazil,BR,55.56,89.79,90.34,89.43,
2024/12/16 0:00,Brazil,Brazil,BR,48.3,81.31,91.6,90.81,
2024/12/17 0:00,Brazil,Brazil,BR,47.83,81.05,91.68,90.91,
2024/12/18 0:00,Brazil,Brazil,BR,49.42,82.95,91.4,90.63,
2024/12/19 0:00,Brazil,Brazil,BR,52.05,85.8,90.95,90.18,
2024/12/20 0:00,Brazil,Brazil,BR,48,80.81,91.65,90.88,
2024/12/21 0:00,Brazil,Brazil,BR,41.97,73.68,92.7,91.32,
2024/12/22 0:00,Brazil,Brazil,BR,44.06,75.76,92.34,90.78,
2024/12/23 0:00,Brazil,Brazil,BR,43.9,76.01,92.36,91.13,
2024/12/24 0:00,Brazil,Brazil,BR,45.03,77.58,92.17,89.67,
2024/12/25 0:00,Brazil,Brazil,BR,50.9,84.22,91.15,88.34,
2024/12/26 0:00,Brazil,Brazil,BR,44.83,76.59,92.2,89.52,
2024/12/27 0:00,Brazil,Brazil,BR,40.65,71.78,92.93,90.33,
2024/12/28 0:00,Brazil,Brazil,BR,41.54,72.71,92.78,90.12,
2024/12/29 0:00,Brazil,Brazil,BR,43.56,75.11,92.43,89.6,
2024/12/30 0:00,Brazil,Brazil,BR,38.72,70.02,93.27,90.56,
2024/12/31 0:00,Brazil,Brazil,BR,38.66,70.07,93.28,90.53,
